id,image_url,set,edition,year,remarks,rarity,artwork,market_price,pokemontcg_id,tcgplayer_product_id,tcgplayer_url
pk-0001,https://images.pokemontcg.io/base1/58_hires.png,Base Set - 58/102,unl,1998,Shadowless yellow cheeks,Common,Base Set,13.39,base1-58,42402,https://www.tcgplayer.com/product/42402
pk-0002,https://images.pokemontcg.io/base1/58_hires.png,Base Set - 58/102,1st,1999,Shadowless thick 2D 1st red cheeks,Common,Base Set,13.39,base1-58,42402,https://www.tcgplayer.com/product/42402
pk-0003,https://images.pokemontcg.io/base1/58_hires.png,Base Set - 58/102,unl,1999,Shadowless red cheeks,Common,Base Set,13.39,base1-58,42402,https://www.tcgplayer.com/product/42402
pk-0004,https://images.pokemontcg.io/base1/58_hires.png,Base Set - 58/102,unl,1999,E3 red cheeks - Graded MAP-9+,Common,Base Set,13.39,base1-58,42402,https://www.tcgplayer.com/product/42402
pk-0005,https://images.pokemontcg.io/base1/58_hires.png,Base Set - 58/102,unl,1999,E3 yellow cheeks,Common,Base Set,13.39,base1-58,42402,https://www.tcgplayer.com/product/42402
pk-0006,https://images.pokemontcg.io/base1/58_hires.png,Base Set - 58/102,unl,1999,PokéTour 1999,Common,Base Set,13.39,base1-58,42402,https://www.tcgplayer.com/product/42402
pk-0007,https://images.pokemontcg.io/base1/58_hires.png,Base Set - 58/102,unl,1999,Semi-Glossy front,Common,Base Set,13.39,base1-58,42402,https://www.tcgplayer.com/product/42402
pk-0008,https://images.pokemontcg.io/base1/58_hires.png,Base Set - 58/102,unl,2000,1999-2000,Common,Base Set,13.39,base1-58,42402,https://www.tcgplayer.com/product/42402
pk-0009,https://images.pokemontcg.io/base4/87_hires.png,Base Set 2 - 87/130,unl,2000,,Common,Base Set,3.05,base4-87,42538,https://www.tcgplayer.com/product/42538
pk-0010,https://images.pokemontcg.io/xy12/35_hires.png,Evolutions - 35/108,,2016,,Common,Base Set,1.09,xy12-35,124048,https://www.tcgplayer.com/product/124048
pk-0011,https://images.pokemontcg.io/xy12/35_hires.png,Evolutions - 35/108,,2016,,Reverse Holo Common,Base Set,1.09,xy12-35,124048,https://www.tcgplayer.com/product/124048
pk-0012,https://images.pokemontcg.io/xy12/35_hires.png,Evolutions - 35/108,,2016,,Shattered Holofoil Common,Base Set,1.09,xy12-35,124048,https://www.tcgplayer.com/product/124048
pk-0013,https://i.ebayimg.com/images/g/P5kAAeSwj1JouTR~/s-l500.jpg,Pokémon Trading Card Game Classics: Charizard & Ho-Oh ex Deck - 008/034,,2023,,Holofoil Special Set,Base Set,4.53,cel25-8,250306,https://www.tcgplayer.com/product/250306
pk-0014,https://images.pokemontcg.io/pl2/112_hires.png,Rising Rivals - 112/111,,2009,,Secret Rare,Rising Rivals - Base Set Reprint,328.45,pl2-112,88091,https://www.tcgplayer.com/product/88091
pk-0015,https://storage.googleapis.com/images.pricecharting.com/59b77dcf667d5ff90df3b9c7996f47c3dc941f87482d61f9adab8dd5436483b8/1600.jpg,Celebrations - 005/025,,2021,,Holofoil Full Art Special Set,Celebrations - Extended Base Set,5.62,cel25-5,250303,https://www.tcgplayer.com/product/250303
pk-0016,https://images.pokemontcg.io/base2/60_hires.png,Jungle - 60/64,1st,1999,,Common,Jungle,26.69,base2-60,45163,https://www.tcgplayer.com/product/45163
pk-0017,https://images.pokemontcg.io/base2/60_hires.png,Jungle - 60/64,unl,1999,,Common,Jungle,26.69,base2-60,45163,https://www.tcgplayer.com/product/45163
pk-0018,https://images.pokemontcg.io/base2/60_hires.png,Jungle - 60/64,1st,1999,W-stamped,Common,Jungle,26.69,base2-60,45163,https://www.tcgplayer.com/product/45163
pk-0019,https://images.pokemontcg.io/base6/86_hires.png,Legendary Collection - 86/110,unl,2002,,Common,Jungle,6.60,base6-86,88075,https://www.tcgplayer.com/product/88075
pk-0020,https://images.pokemontcg.io/base6/86_hires.png,Legendary Collection - 86/110,unl,2002,,Reverse Foil Common,Jungle,6.60,base6-86,88075,https://www.tcgplayer.com/product/88075
pk-0021,https://images.pokemontcg.io/basep/4_hires.png,4,,1999,Kids WB First Movie stamp,Promo,Promo 4,41.86,basep-4,88066,https://www.tcgplayer.com/product/88066
pk-0022,https://images.pokemontcg.io/xyp/XY202_hires.png,XY202,,2016,Pokémon League stamp,Holofoil Promo,Promo 4,39.97,xyp-XY202,,
pk-0023,https://images.pokemontcg.io/gym1/81_hires.png,Gym Heroes - 81/132,1st,2000,,Common,Gym Heroes,25.10,gym1-81,86859,https://www.tcgplayer.com/product/86859
pk-0024,https://images.pokemontcg.io/gym1/81_hires.png,Gym Heroes - 81/132,unl,2000,,Common,Gym Heroes,25.10,gym1-81,86859,https://www.tcgplayer.com/product/86859
pk-0025,https://images.pokemontcg.io/gym2/84_hires.png,Gym Challenge - 84/132,1st,2000,,Common,Gym Challenge,24.29,gym2-84,86860,https://www.tcgplayer.com/product/86860
pk-0026,https://images.pokemontcg.io/gym2/84_hires.png,Gym Challenge - 84/132,unl,2000,,Common,Gym Challenge,24.29,gym2-84,86860,https://www.tcgplayer.com/product/86860
pk-0027,https://images.pokemontcg.io/basep/24_hires.png,24,,2000,World Collection 2000,Promo,Promo 24 (Birthday),376.56,basep-24,90784,https://www.tcgplayer.com/product/90784
pk-0028,https://images.pokemontcg.io/basep/24_hires.png,24,,2000,,Holofoil Promo,Promo 24 (Birthday),376.56,basep-24,90784,https://www.tcgplayer.com/product/90784
pk-0029,https://images.pokemontcg.io/cel25c/24_A.png,Celebrations - 24,,2021,25th Anniversary,Textured Bubble Holofoil Promo,Promo 24 (Birthday),34.10,,,
pk-0030,https://images.pokemontcg.io/basep/27_hires.png,27,,2000,,Promo,Promo 27,29.58,basep-27,88069,https://www.tcgplayer.com/product/88069
pk-0031,https://images.pokemontcg.io/neo1/70_hires.png,Neo Genesis - 70/111,1st,2000,,Common,Neo Genesis,4.49,neo1-70,,
pk-0032,https://images.pokemontcg.io/neo1/70_hires.png,Neo Genesis - 70/111,unl,2000,,Common,Neo Genesis,4.49,neo1-70,,
pk-0033,https://images.pokemontcg.io/basep/25_hires.png,25,,2001,,Promo,Promo 25 (Flying),72.81,basep-25,85534,https://www.tcgplayer.com/product/85534
pk-0034,https://images.pokemontcg.io/pl2/113_hires.png,Rising Rivals - 113/111,,2009,,Secret Rare,Promo 25 (Flying),172.70,pl2-113,85535,https://www.tcgplayer.com/product/85535
pk-0035,https://images.pokemontcg.io/xy12/110_hires.png,Evolutions - 110/108,,2016,,Non-Holo Secret Rare,Promo 25 (Flying),8.45,xy12-110,124123,https://www.tcgplayer.com/product/124123
pk-0036,https://i.ebayimg.com/images/g/rBcAAeSwjjJo3y1W/s-l1600.webp,Celebrations - 006/025,,2021,,Full Art Ultra Rare,Celebrations - Flying Pikachu V,167.50,cel25-6,,
pk-0037,https://i.ebayimg.com/images/g/qVAAAeSwIQ9psmwq/s-l1600.webp,World Championship Deck 2022 - ADP - 006/025,,2023,,Non-Holo Full Art Ultra Rare,Celebrations - Flying Pikachu V,33.40,mcd19-6,200967,https://www.tcgplayer.com/product/200967
pk-0038,https://storage.googleapis.com/images.pricecharting.com/9be90e59d75af3752e7d2f4bdfbdae9f2bd46b8b8f09cdaf6869414b4aa1e8bf/1600.jpg,Celebrations - 007/025,,2021,,Full Art Ultra Rare,Celebrations - Flying Pikachu Vmax,7.47,cel25-7,250305,https://www.tcgplayer.com/product/250305
pk-0039,https://i.ebayimg.com/images/g/nQ0AAeSwwYxpskJE/s-l1600.webp,World Championship Deck 2022 - ADP - 007/025,,2023,,Non-Holo Full Art Ultra Rare,Celebrations - Flying Pikachu Vmax,750.00,ru1-7,88096,https://www.tcgplayer.com/product/88096
pk-0040,https://images.pokemontcg.io/basep/26_hires.png,26,,2001,,Promo,Promo 26,4.49,basep-26,,
pk-0041,https://images.pokemontcg.io/basep/28_hires.png,28,,2001,,Promo,Promo 28 (Surfing),73.61,basep-28,89643,https://www.tcgplayer.com/product/89643
pk-0042,https://images.pokemontcg.io/pl2/114_hires.png,Rising Rivals - 114/111,,2009,,Secret Rare,Promo 28 (Surfing),355.25,pl2-114,89644,https://www.tcgplayer.com/product/89644
pk-0043,https://images.pokemontcg.io/xy12/111_hires.png,Evolutions - 111/108,,2016,,Non-Holo Secret Rare,Promo 28 (Surfing),11.43,xy12-111,124124,https://www.tcgplayer.com/product/124124
pk-0044,https://i.ebayimg.com/images/g/yXAAAOSwCuhnS4Ui/s-l1600.webp,Celebrations - 008/025,,2021,,Full Art Ultra Rare,Celebrations - Surfing Pikachu V,4.53,cel25-8,250306,https://www.tcgplayer.com/product/250306
pk-0045,https://storage.googleapis.com/images.pricecharting.com/9f022b11cdee0a3dae3cc79b7995861c741d14971da7a04fdf622f3bd799c1cd/1600.jpg,Celebrations - 009/025,,2021,,Full Art Ultra Rare,Celebrations - Surfing Pikachu Vmax,167.50,cel25-9,,
pk-0046,https://images.pokemontcg.io/ecard1/124_hires.png,Expedition Base - 124/165,,2002,,Common,Expedition Base,23.07,ecard1-124,88076,https://www.tcgplayer.com/product/88076
pk-0047,https://images.pokemontcg.io/ecard1/124_hires.png,Expedition Base - 124/165,,2002,,Reverse Holo Common,Expedition Base,23.07,ecard1-124,88076,https://www.tcgplayer.com/product/88076
pk-0048,https://images.pokemontcg.io/ecard3/84_hires.png,Skyridge - 84/144,,2003,,Common,Skyridge,142.74,ecard3-84,88074,https://www.tcgplayer.com/product/88074
pk-0049,https://images.pokemontcg.io/ecard3/84_hires.png,Skyridge - 84/144,,2003,,Reverse Holo Common,Skyridge,142.74,ecard3-84,88074,https://www.tcgplayer.com/product/88074
pk-0050,https://images.pokemontcg.io/ex2/72_hires.png,EX Sandstorm - 72/100,,2003,3AP-WH8-431,Common,EX Sandstorm,11.75,ex2-72,88073,https://www.tcgplayer.com/product/88073
pk-0051,https://images.pokemontcg.io/ex2/72_hires.png,EX Sandstorm - 72/100,,2003,3AP-WH8-7J9,Common,EX Sandstorm,11.75,ex2-72,88073,https://www.tcgplayer.com/product/88073
pk-0052,https://images.pokemontcg.io/ex2/72_hires.png,EX Sandstorm - 72/100,,2003,3AP-WH8-JTR,Common,EX Sandstorm,11.75,ex2-72,88073,https://www.tcgplayer.com/product/88073
pk-0053,https://images.pokemontcg.io/ex2/72_hires.png,EX Sandstorm - 72/100,,2003,3AP-WH8-BE5,Reverse Holo Common,EX Sandstorm,11.75,ex2-72,88073,https://www.tcgplayer.com/product/88073
pk-0054,https://images.pokemontcg.io/np/12_hires.png,12,,2003,0D3-ZA5-3JL,Holofoil Promo,Promo 012,62.87,pop5-12,88085,https://www.tcgplayer.com/product/88085
pk-0055,https://images.pokemontcg.io/np/12_hires.png,12,,2006,0D3-ZA5-3JL - 10th Anniversary stamp,Promo,Promo 012,71.50,np-12,,
pk-0056,https://images.pokemontcg.io/ex4/43_hires.png,EX Team Magma vs Team Aqua - 43/95,,2004,TS7-X3Y-LPX,Common,EX Team Magma vs Team Aqua,24.60,ex4-43,88077,https://www.tcgplayer.com/product/88077
pk-0057,https://images.pokemontcg.io/swsh4/43_hires.png,EX Team Magma vs Team Aqua - 43/95,,2004,TS7-X3Y-LPX,Reverse Holo Common,EX Team Magma vs Team Aqua,2.38,swsh4-43,226430,https://www.tcgplayer.com/product/226430
pk-0058,https://images.pokemontcg.io/cel25/5_hires.png,Poké Card Creator Pack - 5/5,,2004,(500th Pikachu in my collection),Special Set,Kids WB Creator Contest,5.62,cel25-5,250303,https://www.tcgplayer.com/product/250303
pk-0059,https://images.pokemontcg.io/ex6/74_hires.png,EX FireRed & LeafGreen - 74/112,,2004,8BK-DMT-B0P,Common,EX FireRed & LeafGreen,9.76,ex6-74,88078,https://www.tcgplayer.com/product/88078
pk-0060,https://images.pokemontcg.io/ex6/74_hires.png,EX FireRed & LeafGreen - 74/112,,2004,8BK-DMT-FB5,Common,EX FireRed & LeafGreen,9.76,ex6-74,88078,https://www.tcgplayer.com/product/88078
pk-0061,https://images.pokemontcg.io/ex6/74_hires.png,EX FireRed & LeafGreen - 74/112,,2004,8BK-DMT-GF6,Common,EX FireRed & LeafGreen,9.76,ex6-74,88078,https://www.tcgplayer.com/product/88078
pk-0062,https://images.pokemontcg.io/ex6/74_hires.png,EX FireRed & LeafGreen - 74/112,,2004,8BK-DMT-N3X,Holofoil Common,EX FireRed & LeafGreen,9.76,ex6-74,88078,https://www.tcgplayer.com/product/88078
pk-0063,https://images.pokemontcg.io/ex9/60_hires.png,EX Emerald - 60/106,,2005,S3Y-SDT-6MF,Common,EX Emerald,17.56,ex9-60,88080,https://www.tcgplayer.com/product/88080
pk-0064,https://images.pokemontcg.io/ex9/60_hires.png,EX Emerald - 60/106,,2005,S3Y-SDT-71B,Common,EX Emerald,17.56,ex9-60,88080,https://www.tcgplayer.com/product/88080
pk-0065,https://images.pokemontcg.io/ex9/60_hires.png,EX Emerald - 60/106,,2005,S3Y-SDT-WCR,Common,EX Emerald,17.56,ex9-60,88080,https://www.tcgplayer.com/product/88080
pk-0066,https://images.pokemontcg.io/ex9/60_hires.png,EX Emerald - 60/106,,2005,S3Y-SDT-1UU,Holofoil Common,EX Emerald,17.56,ex9-60,88080,https://www.tcgplayer.com/product/88080
pk-0067,https://images.pokemontcg.io/ex9/60_hires.png,EX Emerald - 60/106,,2005,S3Y-SDT-6MF - Comic Con stamp,Common,EX Emerald,17.56,ex9-60,88080,https://www.tcgplayer.com/product/88080
pk-0068,https://images.pokemontcg.io/pop2/16_hires.png,POP Series 2 - 16/17,,2005,VV2-1Y9-0U3,Common,POP Series 2,50.30,pop2-16,88081,https://www.tcgplayer.com/product/88081
pk-0069,https://images.pokemontcg.io/ex12/93_hires.png,EX Legend Maker - 93/92,,2006,ECA-RK1-JGF,Secret Rare,EX Legend Maker,204.27,ex12-93,88107,https://www.tcgplayer.com/product/88107
pk-0070,https://images.pokemontcg.io/ex13/78_hires.png,EX Holon Phantoms - 78/110,,2006,CHL-1RF-LOB,Common,EX Holon Phantoms (1),2127.13,ex13-78,,
pk-0071,https://images.pokemontcg.io/ex13/78_hires.png,EX Holon Phantoms - 78/110,,2006,CHL-1RF-LOB,Holofoil Common,EX Holon Phantoms (1),2127.13,ex13-78,,
pk-0072,https://images.pokemontcg.io/ex13/79_hires.png,EX Holon Phantoms - 79/110,,2006,4QJ-HF5-HD3,Common,EX Holon Phantoms (2),15.47,ex13-79,88108,https://www.tcgplayer.com/product/88108
pk-0073,https://images.pokemontcg.io/ex13/79_hires.png,EX Holon Phantoms - 79/110,,2006,4QJ-HF5-HD3,Holofoil Common,EX Holon Phantoms (2),15.47,ex13-79,88108,https://www.tcgplayer.com/product/88108
pk-0074,https://images.pokemontcg.io/ex13/104_hires.png,EX Holon Phantoms - 104/110,,2006,GJF-JYD-S25,Gold Star Ultra Rare,EX Holon Phantoms (3) Gold Star,3200.00,ex13-104,88111,https://www.tcgplayer.com/product/88111
pk-0075,https://images.pokemontcg.io/np/35_hires.png,35,,2006,TYJ-BG8-TRG,Holofoil Promo,Promo 035,1.09,xy12-35,124048,https://www.tcgplayer.com/product/124048
pk-0076,https://images.pokemontcg.io/np/35_hires.png,35,,2007,TYJ-BG8-TRG - Sweden exclusive,Promo,Promo 035,249.66,np-35,88109,https://www.tcgplayer.com/product/88109
pk-0077,https://images.pokemontcg.io/pop4/13_hires.png,POP Series 4 - 13/17,,2006,L7F-MFA-HD3,Common,POP Series 4,34.85,pop4-13,88083,https://www.tcgplayer.com/product/88083
pk-0078,https://images.pokemontcg.io/pop4/13_hires.png,POP Series 4 - 13/17,,2007,L7F-MFA-HD3,Holofoil Common,POP Series 4,34.85,pop4-13,88083,https://www.tcgplayer.com/product/88083
pk-0079,https://images.pokemontcg.io/ex16/57_hires.png,EX Power Keepers - 57/108,,2007,436-CQH-H6N,Common,EX Power Keepers,15.32,ex16-57,88084,https://www.tcgplayer.com/product/88084
pk-0080,https://images.pokemontcg.io/ex16/57_hires.png,EX Power Keepers - 57/108,,2007,436-CQH-H6N,Holofoil Common,EX Power Keepers,15.32,ex16-57,88084,https://www.tcgplayer.com/product/88084
pk-0081,https://images.pokemontcg.io/pop5/12_hires.png,POP Series 5 - 12/17,,2007,5DJ-LWN-3JL,Common,POP Series 5 (1),62.87,pop5-12,88085,https://www.tcgplayer.com/product/88085
pk-0082,https://images.pokemontcg.io/pop5/12_hires.png,POP Series 5 - 12/17,,2007,5DJ-LWN-3JL - Not sure if it exists (without holo bleed),Holofoil Common,POP Series 5 (1),62.87,pop5-12,88085,https://www.tcgplayer.com/product/88085
pk-0083,https://images.pokemontcg.io/pop5/13_hires.png,POP Series 5 - 13/17,,2007,GTC-XUJ-W7B,Common,POP Series 5 (2),48.28,pop5-13,88110,https://www.tcgplayer.com/product/88110
pk-0084,https://images.pokemontcg.io/dp2/94_hires.png,Mysterious Treasures - 94/123,,2007,,Common,Mysterious Treasures,21.49,dp2-94,88086,https://www.tcgplayer.com/product/88086
pk-0085,https://images.pokemontcg.io/dp2/94_hires.png,Mysterious Treasures - 94/123,,2007,,Reverse Holo Common,Mysterious Treasures,21.49,dp2-94,88086,https://www.tcgplayer.com/product/88086
pk-0086,https://images.pokemontcg.io/dp2/94_hires.png,Mysterious Treasures - 94/123,,2008,DIAMOND & PEARL stamp - Burger King 2008 Collection,Reverse Holo Common,Mysterious Treasures,21.49,dp2-94,88086,https://www.tcgplayer.com/product/88086
pk-0087,https://i.ebayimg.com/images/g/MKsAAeSw-BppA4ao/s-l1600.webp,DP16,,2007,,Holofoil Promo,Promo DP16,119.95,dpp-DP16,88089,https://www.tcgplayer.com/product/88089
pk-0088,https://i.ebayimg.com/images/g/yC4AAeSwG6xpl7a4/s-l1600.webp,DP16,,2008,Silver Snowflake stamp,Holofoil Promo,Promo DP16,119.95,dpp-DP16,88089,https://www.tcgplayer.com/product/88089
pk-0089,https://images.pokemontcg.io/pop6/9_hires.png,POP Series 6 - 9/17,,2007,,Uncommon,POP Series 6,95.12,pop6-9,88087,https://www.tcgplayer.com/product/88087
pk-0090,https://images.pokemontcg.io/cel25/9_hires.png,POP Series 6 - 9/17,,2008,Not sure if it exists (without holo bleed),Holofoil Uncommon,POP Series 6,79.43,cel25-9,,
pk-0091,https://images.pokemontcg.io/pop6/9_hires.png,POP Series 6 - 9/17,,2008,Pokémon Day stamp - The Netherlands exclusive,Uncommon,POP Series 6,95.12,pop6-9,88087,https://www.tcgplayer.com/product/88087
pk-0092,https://images.pokemontcg.io/dp5/70_hires.png,Majestic Dawn - 70/100,,2008,,Common,Majestic Dawn,8.84,dp5-70,88088,https://www.tcgplayer.com/product/88088
pk-0093,https://images.pokemontcg.io/dp5/70_hires.png,Majestic Dawn - 70/100,,2008,,Reverse Holo Common,Majestic Dawn,8.84,dp5-70,88088,https://www.tcgplayer.com/product/88088
pk-0094,https://images.pokemontcg.io/dp5/70_hires.png,Majestic Dawn - 70/100,,2009,PLATINUM stamp - Burger King 2009 Collection,Reverse Holo Common,Majestic Dawn,8.84,dp5-70,88088,https://www.tcgplayer.com/product/88088
pk-0095,https://images.pokemontcg.io/dp7/70_hires.png,Stormfront - 70/100,,2008,,Common,Stormfront,11.62,dp7-70,88090,https://www.tcgplayer.com/product/88090
pk-0096,https://images.pokemontcg.io/dp7/70_hires.png,Stormfront - 70/100,,2008,,Reverse Holo Common,Stormfront,11.62,dp7-70,88090,https://www.tcgplayer.com/product/88090
pk-0097,https://images.pokemontcg.io/pop9/15_hires.png,POP Series 9 - 15/17,,2009,,Common,POP Series 9,19.98,pop9-15,88092,https://www.tcgplayer.com/product/88092
pk-0098,https://images.pokemontcg.io/pop9/15_hires.png,POP Series 9 - 15/17,,2009,Pokémon Day stamp - The Netherlands exclusive,Common,POP Series 9,19.98,pop9-15,88092,https://www.tcgplayer.com/product/88092
pk-0099,https://images.pokemontcg.io/pl3/120_hires.png,Supreme Victors - 120/147,,2009,,Common,Supreme Victors,9.49,pl3-120,88093,https://www.tcgplayer.com/product/88093
pk-0100,https://images.pokemontcg.io/pl3/120_hires.png,Supreme Victors - 120/147,,2009,,Reverse Holo Common,Supreme Victors,9.49,pl3-120,88093,https://www.tcgplayer.com/product/88093
pk-0101,https://images.pokemontcg.io/pl4/71_hires.png,Arceus - 71/99,,2009,,Common,Arceus,6.83,pl4-71,88094,https://www.tcgplayer.com/product/88094
pk-0102,https://images.pokemontcg.io/pl4/71_hires.png,Arceus - 71/99,,2009,,Reverse Holo Common,Arceus,6.83,pl4-71,88094,https://www.tcgplayer.com/product/88094
pk-0103,https://images.pokemontcg.io/cel25/7_hires.png,Pokémon Rumble - 7/16,,2009,,Holofoil Special Set,Pokémon Rumble,7.47,cel25-7,250305,https://www.tcgplayer.com/product/250305
pk-0104,https://images.pokemontcg.io/hgss1/78_hires.png,HeartGold & SoulSilver - 78/123,,2010,,Common,HeartGold & SoulSilver,10.94,hgss1-78,88095,https://www.tcgplayer.com/product/88095
pk-0105,https://images.pokemontcg.io/hgss1/78_hires.png,HeartGold & SoulSilver - 78/123,,2010,,Reverse Holo Common,HeartGold & SoulSilver,10.94,hgss1-78,88095,https://www.tcgplayer.com/product/88095
pk-0106,https://i.ebayimg.com/images/g/yl0AAeSwR09prEUg/s-l500.jpg,HS Trainer Kit - Raichu Half Deck - 2/30,,2010,,Special Set,HeartGold & SoulSilver,1084.49,,,
pk-0107,https://www.pokemonkaart.nl/wp-content/uploads/Pikachu-16-HGSS-Trainer-Kit-Raichu.jpg,HS Trainer Kit - Raichu Half Deck - 16/30,,2010,,Special Set,HeartGold & SoulSilver,50.30,pop2-16,88081,https://www.tcgplayer.com/product/88081
pk-0108,https://images.pokemontcg.io/hgss1/78_hires.png,HeartGold & SoulSilver - 78/123,,2010,Pokémon Day stamp - The Netherlands exclusive,Common,HeartGold & SoulSilver,10.94,hgss1-78,88095,https://www.tcgplayer.com/product/88095
pk-0109,https://storage.googleapis.com/images.pricecharting.com/eeljap4jnaafgbys/1600.jpg,HGSS03,,2010,,Holofoil Promo,Promo HGSS03,36.94,hsp-HGSS03,88098,https://www.tcgplayer.com/product/88098
pk-0110,https://i.ebayimg.com/images/g/Q-wAAeSwpvJpp-wq/s-l500.webp,Pikachu World Collection 2010,,2010,English back,Bordered Holofoil Special Set,PW2010 USA,129.99,,,
pk-0111,https://images.pokemontcg.io/hgss3/61_hires.png,Undaunted - 61/90,,2010,,Common,Undaunted,13.04,hgss3-61,88097,https://www.tcgplayer.com/product/88097
pk-0112,https://images.pokemontcg.io/hgss3/61_hires.png,Undaunted - 61/90,,2010,,Reverse Holo Common,Undaunted,13.04,hgss3-61,88097,https://www.tcgplayer.com/product/88097
pk-0113,https://images.pokemontcg.io/bw1/115_hires.png,Black & White - 115/114,,2011,,Secret Rare,Black & White,139.44,bw1-115,88101,https://www.tcgplayer.com/product/88101
pk-0114,https://images.pokemontcg.io/bw4/39_hires.png,Next Destinies - 39/99,,2012,,Common,Next Destinies,4.91,bw4-39,88102,https://www.tcgplayer.com/product/88102
pk-0115,https://images.pokemontcg.io/bw4/39_hires.png,Next Destinies - 39/99,,2012,,Reverse Holo Common,Next Destinies,4.91,bw4-39,88102,https://www.tcgplayer.com/product/88102
pk-0116,https://images.pokemontcg.io/bw7/50_hires.png,Boundaries Crossed - 50/149,,2012,,Common,Boundaries Crossed,3.45,bw7-50,88103,https://www.tcgplayer.com/product/88103
pk-0117,https://images.pokemontcg.io/bw7/50_hires.png,Boundaries Crossed - 50/149,,2012,,Reverse Holo Common,Boundaries Crossed,3.45,bw7-50,88103,https://www.tcgplayer.com/product/88103
pk-0118,https://storage.googleapis.com/images.pricecharting.com/f495a31c311756533edc4af08be0e5a043b581112e886fc8cc4cd3f06b55b2b2/1600.jpg,BW54,,2012,,Promo,Promo BW54,99.99,bwp-BW54,202379,https://www.tcgplayer.com/product/202379
pk-0119,https://images.pokemontcg.io/bw11/RC7_hires.png,Legendary Treasures - RC7/RC25,,2013,,Reverse Holo Uncommon,Legendary Treasures,91.62,bw11-RC7,88105,https://www.tcgplayer.com/product/88105
pk-0120,https://images.pokemontcg.io/xy1/42_hires.png,XY - 42/146,,2014,,Common,XY,3.07,xy1-42,88106,https://www.tcgplayer.com/product/88106
pk-0121,https://images.pokemontcg.io/xy1/42_hires.png,XY - 42/146,,2014,,Reverse Holo Common,XY,3.07,xy1-42,88106,https://www.tcgplayer.com/product/88106
pk-0122,https://images.pokemontcg.io/xy1/42_hires.png,XY - 42/146,,2014,Movie promo,Holofoil Common,XY,3.07,xy1-42,88106,https://www.tcgplayer.com/product/88106
pk-0123,https://down-ph.img.susercontent.com/file/ph-11134207-7ra0t-mdbnwyw84p3sd0,McDonald's Collection 2014 - 5/12,,2014,,McDonald's Confetti Holofoil Special Set,XY,5.62,cel25-5,250303,https://www.tcgplayer.com/product/250303
pk-0124,https://images.pokemontcg.io/xy3/27_hires.png,Furious Fists - 27/111,,2014,,Common,Furious Fists,5.25,xy3-27,92202,https://www.tcgplayer.com/product/92202
pk-0125,https://images.pokemontcg.io/xy3/27_hires.png,Furious Fists - 27/111,,2014,,Reverse Holo Common,Furious Fists,5.25,xy3-27,92202,https://www.tcgplayer.com/product/92202
pk-0126,https://images.pokemontcg.io/xy6/20_hires.png,Roaring Skies - 20/108,,2015,,Common,Roaring Skies,1.64,xy6-20,98056,https://www.tcgplayer.com/product/98056
pk-0127,https://images.pokemontcg.io/xy6/20_hires.png,Roaring Skies - 20/108,,2015,,Reverse Holo Common,Roaring Skies,1.64,xy6-20,98056,https://www.tcgplayer.com/product/98056
pk-0128,https://storage.googleapis.com/images.pricecharting.com/2d53c7fc654823a12d610ce84b1bd0d03bc7774bf4f0509448fa4c3637ec29fb/1600.jpg,McDonald's Collection 2015 - 6/12,,2015,,McDonald's Confetti Holofoil Special Set,Roaring Skies,3.74,cel25-6,,
pk-0129,https://images.pokemontcg.io/xy6/20_hires.png,Roaring Skies - 20/108,,2015,Build-a-Bear Workshop stamp,Common,Roaring Skies,1.64,xy6-20,98056,https://www.tcgplayer.com/product/98056
pk-0130,https://images.pokemontcg.io/cel25/6_hires.png,McDonald's Collection 2016 - 6/12,,2016,,McDonald's Confetti Holofoil Special Set,Roaring Skies,3.74,cel25-6,,
pk-0131,https://images.pokemontcg.io/xy8/48_hires.png,BREAKthrough - 48/162,,2015,,Common,BREAKthrough,1.77,xy8-48,,
pk-0132,https://images.pokemontcg.io/xy8/48_hires.png,BREAKthrough - 48/162,,2015,,Reverse Holo Common,BREAKthrough,1.77,xy8-48,,
pk-0133,https://images.pokemontcg.io/xyp/XY84_hires.png,XY84,,2015,,Ultra Rare Promo,Promo XY84,69.00,xyp-XY84,108614,https://www.tcgplayer.com/product/108614
pk-0134,https://images.pokemontcg.io/xyp/XY89_hires.png,XY89,,2015,,Holofoil Promo,Promo XY89,23.12,xyp-XY89,108619,https://www.tcgplayer.com/product/108619
pk-0135,https://images.pokemontcg.io/xyp/XY95_hires.png,XY95,,2016,,Holofoil Promo,Promo XY95,178.32,xyp-XY95,114004,https://www.tcgplayer.com/product/114004
pk-0136,https://images.pokemontcg.io/g1/26_hires.png,Generations - 26/83,,2016,,Common,Generations,4.00,g1-26,113684,https://www.tcgplayer.com/product/113684
pk-0137,https://images.pokemontcg.io/g1/26_hires.png,Generations - 26/83,,2016,,Reverse Holo Common,Generations,4.00,g1-26,113684,https://www.tcgplayer.com/product/113684
pk-0138,https://images.pokemontcg.io/g1/26_hires.png,Generations - 26/83,,2016,"Toys ""R"" Us stamp",Holofoil Common,Generations,4.00,g1-26,113684,https://www.tcgplayer.com/product/113684
pk-0139,https://images.pokemontcg.io/g1/26_hires.png,Generations - 26/83,,2016,20th Anniversary stamp,Holofoil Common,Generations,4.00,g1-26,113684,https://www.tcgplayer.com/product/113684
pk-0140,https://images.pokemontcg.io/g1/RC29_hires.png,Generations - RC29/RC32,,2016,,Full Art Rare,Generations - Radiant Collection,168.94,g1-RC29,113771,https://www.tcgplayer.com/product/113771
pk-0141,https://www.pokemonkarte.de/wp-content/uploads/Pikachu-Libre-14-XY-Trainer-Kit-Pikachu-Libre.png,XY Trainer Kit - Pikachu Libre Half Deck - 14/30,,2016,,Special Set,Pikachu Libre,2850.00,,,
pk-0142,https://i.ebayimg.com/images/g/65wAAOSwIpJjH495/s-l1600.jpg,XY Trainer Kit - Pikachu Libre Half Deck - 30/30,,2016,Not sure if it exists (without holo bleed),Holofoil Special Set,Pikachu Libre,2.59,sm4-30,149053,https://www.tcgplayer.com/product/149053
pk-0143,https://images.pokemontcg.io/xyp/XY124_hires.png,XY124,,2016,,Full Art Promo,Promo XY124,432.69,xyp-XY124,123436,https://www.tcgplayer.com/product/123436
pk-0144,https://images.pokemontcg.io/xyp/XY174_hires.png,XY174,,2016,,Ultra Rare Promo,Promo XY174,27.47,xyp-XY174,123454,https://www.tcgplayer.com/product/123454
pk-0145,https://images.pokemontcg.io/smp/SM04_hires.png,SM04,,2016,,Promo,Promo SM04,13.71,smp-SM04,126032,https://www.tcgplayer.com/product/126032
pk-0146,https://i.ebayimg.com/images/g/rUIAAeSwHxppqIWu/s-l1600.webp,McDonald's Collection 2017 - 5/12,,2017,,McDonald's Confetti Holofoil Special Set,Promo SM04,5.62,cel25-5,250303,https://www.tcgplayer.com/product/250303
pk-0147,https://images.pokemontcg.io/smp/SM04_hires.png,SM04,,2017,Cereal promo,Sequin Holofoil Promo,Promo SM04,13.71,smp-SM04,126032,https://www.tcgplayer.com/product/126032
pk-0148,https://tse3.mm.bing.net/th/id/OIP.nuz3CVXDXMDxU3q7uSIs5QHaHa?rs=1&pid=ImgDetMain&o=7&rm=3,SM Trainer Kit - Alolan Raichu Half Deck - 14/30,,2017,,Special Set,Alolan Raichu Half Deck,26.96,,,
pk-0149,https://i.ebayimg.com/images/g/HJ8AAOSwFR1kPDrR/s-l400.jpg,SM Trainer Kit - Alolan Raichu Half Deck - 29/30,,2017,,Special Set,Alolan Raichu Half Deck,26.96,,,
pk-0150,https://images.pokemontcg.io/smp/SM86_hires.png,SM86,,2017,,Holofoil Promo,Alolan Raichu Half Deck,16.61,smp-SM86,,
pk-0151,https://images.pokemontcg.io/smp/SM86_hires.png,SM86,,2019,Build-a-Bear Workshop stamp,Promo,Alolan Raichu Half Deck,16.61,smp-SM86,,
pk-0152,https://images.pokemontcg.io/sm3/40_hires.png,Burning Shadows - 40/147,,2017,,Common,Burning Shadows,1.10,sm3-40,138522,https://www.tcgplayer.com/product/138522
pk-0153,https://images.pokemontcg.io/sm3/40_hires.png,Burning Shadows - 40/147,,2017,,Reverse Holo Common,Burning Shadows,1.10,sm3-40,138522,https://www.tcgplayer.com/product/138522
pk-0154,https://images.pokemontcg.io/smp/SM98_hires.png,SM98,,2017,,Holofoil Promo,Promo SM98,52.87,smp-SM98,166411,https://www.tcgplayer.com/product/166411
pk-0155,https://images.pokemontcg.io/sm35/28_hires.png,Shining Legends - 28/73,,2017,,Common,Shining Legends,2.20,sm35-28,146682,https://www.tcgplayer.com/product/146682
pk-0156,https://images.pokemontcg.io/pgo/28_hires.png,Shining Legends - 28/73,,2017,,Reverse Holo Common,Shining Legends,1.66,pgo-28,274461,https://www.tcgplayer.com/product/274461
pk-0157,https://images.pokemontcg.io/pgo/28_hires.png,Shining Legends - 28/73,,2018,,Holofoil Common,Shining Legends,1.66,pgo-28,274461,https://www.tcgplayer.com/product/274461
pk-0158,https://images.pokemontcg.io/pgo/28_hires.png,Shining Legends - 28/73,,2019,"Let's Play, Pikachu deck",Shattered Ice Holofoil Common,Shining Legends,1.66,pgo-28,274461,https://www.tcgplayer.com/product/274461
pk-0159,https://images.pokemontcg.io/pgo/28_hires.png,Shining Legends - 28/73,,2019,"Cereal promo (Let's Go, Kanto!)",Sequin Holofoil Common,Shining Legends,1.66,pgo-28,274461,https://www.tcgplayer.com/product/274461
pk-0160,https://images.pokemontcg.io/cel25/6_hires.png,McDonald's Collection 2019 - 6/12,,2019,Not sure if it exists (without holo bleed),McDonald's Confetti Holofoil Special Set,Shining Legends,3.74,cel25-6,,
pk-0161,https://images.pokemontcg.io/pgo/28_hires.png,Shining Legends - 28/73,,2021,Costco Canada & Target USA exclusive,Cosmos Holofoil,Shining Legends,1.66,pgo-28,274461,https://www.tcgplayer.com/product/274461
pk-0162,https://images.pokemontcg.io/smp/SM76_hires.png,SM76,,2017,,Holofoil Promo,Promo SM76,19.74,smp-SM76,146980,https://www.tcgplayer.com/product/146980
pk-0163,https://images.pokemontcg.io/smp/SM81_hires.png,SM81,,2017,,Holofoil Promo,Promo SM81,29.38,smp-SM81,148426,https://www.tcgplayer.com/product/148426
pk-0164,https://images.pokemontcg.io/sm4/30_hires.png,Crimson Invasion - 30/111,,2017,,Common,Crimson Invasion,2.59,sm4-30,149053,https://www.tcgplayer.com/product/149053
pk-0165,https://images.pokemontcg.io/sm4/30_hires.png,Crimson Invasion - 30/111,,2017,,Reverse Holo Common,Crimson Invasion,2.59,sm4-30,149053,https://www.tcgplayer.com/product/149053
pk-0166,https://i.ebayimg.com/images/g/AZoAAeSwHe5oyy5f/s-l1600.webp,McDonald's Collection 2018 - 4/12,,2018,,McDonald's Confetti Holofoil Special Set,Crimson Invasion,100.00,mcd18-4,,
pk-0167,https://images.pokemontcg.io/smp/SM108_hires.png,SM108,,2018,,Promo,Promo SM108 Ash's Pikachu,39.34,smp-SM108,151973,https://www.tcgplayer.com/product/151973
pk-0168,https://images.pokemontcg.io/smp/SM109_hires.png,SM109,,2017,,Promo,Promo SM109 Ash's Pikachu,134.21,smp-SM109,151974,https://www.tcgplayer.com/product/151974
pk-0169,https://images.pokemontcg.io/smp/SM110_hires.png,SM110,,2017,,Promo,Promo SM110 Ash's Pikachu,58.02,smp-SM110,152673,https://www.tcgplayer.com/product/152673
pk-0170,https://images.pokemontcg.io/smp/SM111_hires.png,SM111,,2017,,Promo,Promo SM111 Ash's Pikachu,57.02,smp-SM111,153995,https://www.tcgplayer.com/product/153995
pk-0171,https://images.pokemontcg.io/smp/SM112_hires.png,SM112,,2017,,Promo,Promo SM112 Ash's Pikachu,56.83,smp-SM112,153996,https://www.tcgplayer.com/product/153996
pk-0172,https://images.pokemontcg.io/smp/SM113_hires.png,SM113,,2017,,Promo,Promo SM113 Ash's Pikachu,53.09,smp-SM113,153997,https://www.tcgplayer.com/product/153997
pk-0173,https://images.pokemontcg.io/smp/SM114_hires.png,SM114,,2017,,Promo,Promo SM114 Ash's Pikachu,26.80,smp-SM114,,
pk-0174,https://images.pokemontcg.io/smp/SM157_hires.png,SM157,,2018,,Holofoil Promo,Promo SM157,29.32,smp-SM157,179377,https://www.tcgplayer.com/product/179377
pk-0175,https://images.pokemontcg.io/sm9/33_hires.png,Team Up - 33/181,,2019,,Full Art Ultra Rare,Team Up (Pikachu & Zekrom) Ultra Rare,59.62,sm9-33,183804,https://www.tcgplayer.com/product/183804
pk-0176,https://i.ebayimg.com/images/g/~wcAAOSw9nZm6-AK/s-l960.webp,World Championship Deck 2019 - Pikachu Judge - 33/181,,2019,,Non-Holo Full Art Ultra Rare,Team Up (Pikachu & Zekrom) Ultra Rare,59.62,sm9-33,183804,https://www.tcgplayer.com/product/183804
pk-0177,https://images.pokemontcg.io/sm9/162_hires.png,Team Up - 162/181,,2019,,Full Art Secret Rare,Team Up (Pikachu & Zekrom) Secret Rare,153.18,sm9-162,183805,https://www.tcgplayer.com/product/183805
pk-0178,https://images.pokemontcg.io/sm9/184_hires.png,Team Up - 184/181,,2019,,Full Art Hyper Rare,Team Up (Pikachu & Zekrom) Hyper Secret Rare,236.96,sm9-184,183806,https://www.tcgplayer.com/product/183806
pk-0179,https://images.pokemontcg.io/smp/SM248_hires.png,SM248,,2021,,Full Art Golden Secret Rare Promo,Team Up (Pikachu & Zekrom) Golden Secret Rare,37.28,smp-SM248,253397,https://www.tcgplayer.com/product/253397
pk-0180,https://images.pokemontcg.io/smp/SM162_hires.png,SM162,,2019,,Holofoil Promo,Promo SM162,170.67,smp-SM162,184483,https://www.tcgplayer.com/product/184483
pk-0181,https://images.pokemontcg.io/smp/SM168_hires.png,SM168,,2019,,Full Art Secret Rare,Promo SM168 Pikachu & Zekrom,227.95,smp-SM168,185985,https://www.tcgplayer.com/product/185985
pk-0182,https://images.pokemontcg.io/det1/10_hires.png,Detective Pikachu - 10/18,,2019,,Holofoil Rare,Detective Pikachu Mini Set,13.50,det1-10,186015,https://www.tcgplayer.com/product/186015
pk-0183,https://images.pokemontcg.io/smp/SM194_hires.png,SM194,,2019,,Holofoil Promo,Promo SM194 Detective Pikachu,11.63,smp-SM194,185254,https://www.tcgplayer.com/product/185254
pk-0184,https://images.pokemontcg.io/sm10/54_hires.png,Unbroken Bonds - 54/214,,2019,,Common,Unbroken Bonds,1.63,sm10-54,189153,https://www.tcgplayer.com/product/189153
pk-0185,https://images.pokemontcg.io/sm10/54_hires.png,Unbroken Bonds - 54/214,,2019,,Reverse Holo Common,Unbroken Bonds,1.63,sm10-54,189153,https://www.tcgplayer.com/product/189153
pk-0186,https://images.pokemontcg.io/smp/SM183_hires.png,SM183,,2019,,Holofoil Promo,Promo SM183,17.41,smp-SM183,189756,https://www.tcgplayer.com/product/189756
pk-0187,https://images.pokemontcg.io/smp/SM190_hires.png,SM190,,2019,Not sure if it exists (without holo bleed),Holofoil Promo,Promo SM190 Detective Pikachu,6.70,smp-SM190,189805,https://www.tcgplayer.com/product/189805
pk-0188,https://images.pokemontcg.io/smp/SM190_hires.png,SM190,,2019,Detective Pikachu stamp - Not sure if it exists (without holo bleed),Promo,Promo SM190 Detective Pikachu,6.70,smp-SM190,189805,https://www.tcgplayer.com/product/189805
pk-0189,https://images.pokemontcg.io/sm11/55_hires.png,Unified Minds - 55/236,,2019,,Common,Unified Minds (1),1.62,sm11-55,194981,https://www.tcgplayer.com/product/194981
pk-0190,https://images.pokemontcg.io/sm11/55_hires.png,Unified Minds - 55/236,,2019,,Reverse Holo Common,Unified Minds (1),1.62,sm11-55,194981,https://www.tcgplayer.com/product/194981
pk-0191,https://images.pokemontcg.io/mcd21/25_hires.png,McDonald's Collection 2021 - 25/25,,2021,25th anniversary stamp,Special Set,Unified Minds (1),4.09,mcd21-25,232339,https://www.tcgplayer.com/product/232339
pk-0192,https://images.pokemontcg.io/mcd21/25_hires.png,McDonald's Collection 2021 - 25/25,,2021,25th anniversary stamp,McDonald's Confetti Holofoil Special Set,Unified Minds (1),4.09,mcd21-25,232339,https://www.tcgplayer.com/product/232339
pk-0193,https://images.pokemontcg.io/sm11/56_hires.png,Unified Minds - 56/236,,2019,,Common,Unified Minds (2),6.04,sm11-56,194982,https://www.tcgplayer.com/product/194982
pk-0194,https://images.pokemontcg.io/sm11/56_hires.png,Unified Minds - 56/236,,2019,,Reverse Holo Common,Unified Minds (2),6.04,sm11-56,194982,https://www.tcgplayer.com/product/194982
pk-0195,https://images.pokemontcg.io/smp/SM206_hires.png,SM206,,2019,,Promo,Promo SM206,28.93,smp-SM206,198771,https://www.tcgplayer.com/product/198771
pk-0196,https://images.pokemontcg.io/smp/SM170_hires.png,SM170,,2019,,Holofoil Promo,Promo SM170 Detective Pikachu,40.31,smp-SM170,190940,https://www.tcgplayer.com/product/190940
pk-0197,https://images.pokemontcg.io/smp/SM170_hires.png,SM170,,2019,Detective Pikachu stamp,Holofoil Promo,Promo SM170 Detective Pikachu,40.31,smp-SM170,190940,https://www.tcgplayer.com/product/190940
pk-0198,https://images.pokemontcg.io/sm115/19_hires.png,Hidden Fates - 19/68,,2019,,Common,Hidden Fates,1.01,sm115-19,197663,https://www.tcgplayer.com/product/197663
pk-0199,https://images.pokemontcg.io/sm115/19_hires.png,Hidden Fates - 19/68,,2019,,Reverse Holo Common,Hidden Fates,1.01,sm115-19,197663,https://www.tcgplayer.com/product/197663
pk-0200,https://images.pokemontcg.io/sm115/19_hires.png,Battle Academy - 19/68,,2020,#2 numbered,Common,Hidden Fates,1.01,sm115-19,197663,https://www.tcgplayer.com/product/197663
pk-0201,https://images.pokemontcg.io/sm115/19_hires.png,Battle Academy - 19/68,,2020,#15 numbered,Common,Hidden Fates,1.01,sm115-19,197663,https://www.tcgplayer.com/product/197663
pk-0202,https://images.pokemontcg.io/sm115/19_hires.png,Battle Academy - 19/68,,2020,#30 numbered,Common,Hidden Fates,1.01,sm115-19,197663,https://www.tcgplayer.com/product/197663
pk-0203,https://images.pokemontcg.io/sm115/19_hires.png,Battle Academy - 19/68,,2020,#55 numbered,Common,Hidden Fates,1.01,sm115-19,197663,https://www.tcgplayer.com/product/197663
pk-0204,https://images.pokemontcg.io/sm12/66_hires.png,Cosmic Eclipse - 66/236,,2019,,Common,Cosmic Eclipse,1.77,sm12-66,201241,https://www.tcgplayer.com/product/201241
pk-0205,https://images.pokemontcg.io/sm12/66_hires.png,Cosmic Eclipse - 66/236,,2019,,Reverse Holo Common,Cosmic Eclipse,1.77,sm12-66,201241,https://www.tcgplayer.com/product/201241
pk-0206,https://images.pokemontcg.io/sm12/241_hires.png,Cosmic Eclipse - 241/236,,2019,,Full Art Secret Rare,Cosmic Eclipse Secret Rare - Red's Pikachu,209.71,sm12-241,201352,https://www.tcgplayer.com/product/201352
pk-0207,https://images.pokemontcg.io/smp/SM232_hires.png,SM232,,2019,,Full Art Ultra Rare Promo,Promo SM232 Full Art,26.64,smp-SM232,200273,https://www.tcgplayer.com/product/200273
pk-0208,https://images.pokemontcg.io/smp/SM234_hires.png,SM234,,2019,,Holofoil Promo,Promo SM234,24.18,smp-SM234,200275,https://www.tcgplayer.com/product/200275
pk-0209,https://images.pokemontcg.io/smp/SM227_hires.png,SM227,,2019,,Holofoil Promo,Promo SM227,22.29,smp-SM227,205170,https://www.tcgplayer.com/product/205170
pk-0210,https://storage.googleapis.com/images.pricecharting.com/ec4x34hmqrs3vjjq/1600.jpg,Sword & Shield - 065/202,,2020,,Common,Sword & Shield,0.79,swsh1-65,208362,https://www.tcgplayer.com/product/208362
pk-0211,https://storage.googleapis.com/images.pricecharting.com/4xw3y4pziw6yi3fq/1600.jpg,Sword & Shield - 065/202,,2020,,Reverse Holo Common,Sword & Shield,0.79,swsh1-65,208362,https://www.tcgplayer.com/product/208362
pk-0212,https://tcgplayer-cdn.tcgplayer.com/product/253841_in_1000x1000.jpg,Sword & Shield - 065/202,,2021,Costco Canada & Target USA exclusive,Cosmos Reverse Holo,Sword & Shield,0.79,swsh1-65,208362,https://www.tcgplayer.com/product/208362
pk-0213,https://www.elitefourum.com/uploads/default/optimized/3X/8/d/8d2553b8efb31cde40b24efddebf12ac85350a8b_2_562x750.jpeg,Sword & Shield - 065/202,,2022,Worlds 2022 Raid Battle winner partiticpation gift,Holofoil Common,Sword & Shield,0.79,swsh1-65,208362,https://www.tcgplayer.com/product/208362
pk-0214,https://images.pokemontcg.io/swshp/SWSH020_hires.png,SWSH020,,2020,,Full Art Holofoil Promo,Promo SWSH020 Full Art,111.75,swshp-SWSH020,214241,https://www.tcgplayer.com/product/214241
pk-0215,https://images.pokemontcg.io/swshp/SWSH039_hires.png,SWSH039,,2020,,Holofoil Promo,Promo SWSH039,6.33,swshp-SWSH039,,
pk-0216,https://images.pokemontcg.io/swshp/SWSH039_hires.png,SWSH039,,2021,Cereal promo - 25th Anniversary stamp - Not sure if it exists (without holo bleed),Sequin Holofoil,Promo SWSH039,6.33,swshp-SWSH039,,
pk-0217,https://images.pokemontcg.io/swshp/SWSH063_hires.png,SWSH063,,2020,,Full Art Ultra Rare Promo,Promo SWSH063 Pikachu V,5.67,swshp-SWSH063,220315,https://www.tcgplayer.com/product/220315
pk-0218,https://i.ebayimg.com/images/g/jtMAAeSwOn9prOqR/s-l1600.webp,Pokémon Futsal - 001/005,,2020,Futsal promo - England exclusive (UK sealed),Special Set,Pokémon Futsal Collection,4.49,basep-1,,
pk-0219,https://images.pokemontcg.io/swshp/SWSH074_hires.png,SWSH074,,2020,USA/Canada exclusive (sealed),Promo,Promo SWSH074 Special Delivery Pikachu,430.76,swshp-SWSH074,227646,https://www.tcgplayer.com/product/227646
pk-0220,https://storage.googleapis.com/images.pricecharting.com/c8f095b9c0db52e1c59cb92fa3a935923afb4002501b8add464c64ecfc426179/1600.jpg,Vivid Voltage - 043/185,,2020,,Half Full Art Ultra Rare,Vivid Voltage - Pikachu V Ultra Rare (1),2.38,swsh4-43,226430,https://www.tcgplayer.com/product/226430
pk-0221,https://tcgplayer-cdn.tcgplayer.com/product/268213_in_1000x1000.jpg,Battle Academy 2022 - 043/185,,2022,Pikachu #60 stamp,Half Full Art Ultra Rare,Vivid Voltage - Pikachu V Ultra Rare (1),24.60,ex4-43,88077,https://www.tcgplayer.com/product/88077
pk-0222,https://storage.googleapis.com/images.pricecharting.com/4ejwo5d3jbwdnyjt/1600.jpg,Play! Pokémon Prize Pack Series One - 043/185,,2022,POP League stamp,Half Full Art Ultra Rare,Vivid Voltage - Pikachu V Ultra Rare (1),24.60,ex4-43,88077,https://www.tcgplayer.com/product/88077
pk-0223,https://storage.googleapis.com/images.pricecharting.com/3895517fb0e3eaca371ace0de24a5a52b2a723495293971f3003c0dd5f4ad890/1600.jpg,Vivid Voltage - 044/185,,2020,,Full Art Ultra Rare,Vivid Voltage - Pikachu Vmax Ultra Rare,13.13,swsh4-44,226432,https://www.tcgplayer.com/product/226432
pk-0224,https://i.ebayimg.com/images/g/F5QAAOSw7Spm69-6/s-l1600.webp,Play! Pokémon Prize Pack Series One - 044/185,,2022,POP League stamp,Full Art Ultra Rare,Vivid Voltage - Pikachu Vmax Ultra Rare,13.13,swsh4-44,226432,https://www.tcgplayer.com/product/226432
pk-0225,https://images.pokemontcg.io/swsh4/188_hires.png,Vivid Voltage - 188/185,,2020,,Full Art Hyper Secret Rare,Vivid Voltage - Pikachu Vmax Hyper Secret Rare,196.93,swsh4-188,226434,https://www.tcgplayer.com/product/226434
pk-0226,https://images.pokemontcg.io/swsh11/52_hires.png,Lost Origin - TG29/TG30,,2022,,Full Art Golden Secret Rare,Lost Origin - Pikachu Vmax Golden Secret Rare,1.31,swsh11-52,283926,https://www.tcgplayer.com/product/283926
pk-0227,https://images.pokemontcg.io/swsh4/170_hires.png,Vivid Voltage - 170/185,,2020,,Full Art Ultra Rare,Vivid Voltage - Pikachu V Ultra Rare (2),124.50,swsh4-170,,
pk-0228,https://images.pokemontcg.io/swshp/SWSH061_hires.png,SWSH061,,2021,,Full Art Ultra Rare Promo,Promo SWSH061 Pikachu V,2.11,swshp-SWSH061,232434,https://www.tcgplayer.com/product/232434
pk-0229,https://storage.googleapis.com/images.pricecharting.com/fac9aa14e29b3047e40b0d8fa034f361cb8df83e8c0791468442669b2b4ac8da/1600.jpg,Evolving Skies - 049/203,,2021,,Common,Evolving Skies,0.32,swsh7-49,,
pk-0230,https://storage.googleapis.com/images.pricecharting.com/7xco7bopnjztp5vm/1600.jpg,Evolving Skies - 049/203,,2021,,Reverse Holo Common,Evolving Skies,0.32,swsh7-49,,
pk-0231,https://images.pokemontcg.io/cel25/7_hires.png,McDonald's Collection 2022 - 7/15,,2022,,McDonald's Confetti Holofoil Special Set,Evolving Skies,7.47,cel25-7,250305,https://www.tcgplayer.com/product/250305
pk-0232,https://tcgplayer-cdn.tcgplayer.com/product/283805_in_1000x1000.jpg,Evolving Skies - 049/203,,2022,Trick or Trade BOOster Bundle stamp,Common,Evolving Skies,0.32,swsh7-49,,
pk-0233,https://i.ebayimg.com/images/g/uQwAAOSwVOVl4O-3/s-l400.jpg,Evolving Skies - 049/203,,2023,League stamp - Australia/New Zealand exclusvie,Reverse Holo Common,Evolving Skies,0.32,swsh7-49,,
pk-0234,https://images.pokemontcg.io/swshp/SWSH139_hires.png,SWSH139,,2021,,Quarter Full Art Ultra Rare Promo,Promos SWSH139-SWSH142 Pikachu V-Union,5.12,swshp-SWSH139,,
pk-0235,https://images.pokemontcg.io/swshp/SWSH062_hires.png,SWSH062,,2020,25th Anniversary stamp,Full Art Ultra Rare Promo,Promo SWSH062 Pikachu Vmax,13.96,swshp-SWSH062,,
pk-0236,https://images.pokemontcg.io/swshp/SWSH143_hires.png,SWSH143,,2021,,Full Art Ultra Rare Promo,Promo SWSH143 Pikachu V,10.08,swshp-SWSH143,251101,https://www.tcgplayer.com/product/251101
pk-0237,https://images.pokemontcg.io/swshp/SWSH145_hires.png,SWSH145,,2021,(sealed),Golden Full Art Ultra Rare Promo,Promo SWSH145 Golden Pikachu V,101.89,swshp-SWSH145,,
pk-0238,https://storage.googleapis.com/images.pricecharting.com/07d27a13c7729991927109924342a29b8dd44b0a3616a90188b16c8dc8433eb0/1600.jpg,Fusion Strike - 086/264,,2021,,Full Art Ultra Rare,Fusion Strike - Pikachu V,4.24,swsh8-86,253241,https://www.tcgplayer.com/product/253241
pk-0239,https://images.pokemontcg.io/swsh9/157_hires.png,Brilliant Stars - 157/172,,2022,,Full Art Ultra Rare,Brilliant Stars - Pikachu V,15.00,swsh9-157,,
pk-0240,https://images.pokemontcg.io/swshp/SWSH198_hires.png,SWSH198,,2022,,Full Art Ultra Rare Promo,Promo SWSH198 Pikachu V,3.17,swshp-SWSH198,260711,https://www.tcgplayer.com/product/260711
pk-0241,https://storage.googleapis.com/images.pricecharting.com/9b0aa8d5050937ea86c76a644bc64d57f000dc49a844abb3b99cf204d6834979/1600.jpg,Pokémon GO - 027/078,,2022,,Common,Pokémon GO 1,0.35,pgo-27,276946,https://www.tcgplayer.com/product/276946
pk-0242,https://storage.googleapis.com/images.pricecharting.com/wcs46ppvyui2ffwz/1600.jpg,Pokémon GO - 027/078,,2022,,Reverse Holo Common,Pokémon GO 1,0.35,pgo-27,276946,https://www.tcgplayer.com/product/276946
pk-0243,https://storage.googleapis.com/images.pricecharting.com/bj2t4fpxhuhiepnp/1600.jpg,Pokémon GO - 027/078,,2022,,Cosmos Holofoil Common,Pokémon GO 1,0.35,pgo-27,276946,https://www.tcgplayer.com/product/276946
pk-0244,https://storage.googleapis.com/images.pricecharting.com/e2b5ff117202dd7a67c0f93010f60e849808c52ddb8655d89651908b30251612/1600.jpg,Pokémon GO - 028/078,,2022,,Holofoil Rare,Pokémon GO 2,1.66,pgo-28,274461,https://www.tcgplayer.com/product/274461
pk-0245,https://images.pokemontcg.io/swshp/SWSH234_hires.png,SWSH234,,2022,,Holofoil Promo,Promo SWSH234 Pokémon Go Pikachu,7.90,swshp-SWSH234,277039,https://www.tcgplayer.com/product/277039
pk-0246,https://images.pokemontcg.io/swshp/SWSH153_hires.png,SWSH153,,2022,Snowflake stamp,Promo,Promo SWSH153 Pikachu Flower,47.63,swshp-SWSH153,283301,https://www.tcgplayer.com/product/283301
pk-0247,https://storage.googleapis.com/images.pricecharting.com/367bed2f4cfb0fcac1c4dae7ad503a975d7544804c069b459abc6ae4eb2907ed/1600.jpg,Lost Origin - 052/196,,2022,,Common,Lost Origin - Common,1.31,swsh11-52,283926,https://www.tcgplayer.com/product/283926
pk-0248,https://storage.googleapis.com/images.pricecharting.com/1c8f39f6e1c46bd764f60430d7d51bc3c3c296d6072e45aedf3b625ba93bdfda/1600.jpg,Lost Origin - 052/196,,2022,,Reverse Holo Common,Lost Origin - Common,1.31,swsh11-52,283926,https://www.tcgplayer.com/product/283926
pk-0249,https://images.pokemontcg.io/swsh11/52_hires.png,Lost Origin - TG05/TG30,,2022,,Full Art Character Ultra Rare,Lost Origin - Character Rare,1.31,swsh11-52,283926,https://www.tcgplayer.com/product/283926
pk-0250,https://images.pokemontcg.io/swsh11/52_hires.png,Lost Origin - TG16/TG30,,2022,,Full Art Character Ultra Rare,Lost Origin - V Character Rare,1.31,swsh11-52,283926,https://www.tcgplayer.com/product/283926
pk-0251,https://images.pokemontcg.io/swsh11/52_hires.png,Lost Origin - TG17/TG30,,2022,,Full Art Character Ultra Rare,Lost Origin - Vmax Character Rare,1.31,swsh11-52,283926,https://www.tcgplayer.com/product/283926
pk-0252,https://storage.googleapis.com/images.pricecharting.com/1da2d7594a838615c6a26bf3514f9157ebe664c60b6326bed3bc1a0b0e331d78/1600.jpg,Silver Tempest - 049/195,,2022,,Common,Silver Tempest,0.45,swsh12-49,451703,https://www.tcgplayer.com/product/451703
pk-0253,https://storage.googleapis.com/images.pricecharting.com/26da756ddc9a4c02c0854b169e7ca47206aa8c594eca438b3e870a60cf81e6b0/1600.jpg,Silver Tempest - 049/195,,2022,,Reverse Holo Common,Silver Tempest,0.45,swsh12-49,451703,https://www.tcgplayer.com/product/451703
pk-0254,https://storage.googleapis.com/images.pricecharting.com/7khe4qjglkgpejtp/1600.jpg,Silver Tempest - 049/195,,2022,Snowflake stamp (sealed),Holofoil Common,Silver Tempest,0.45,swsh12-49,451703,https://www.tcgplayer.com/product/451703
pk-0255,https://images.pokemontcg.io/swsh12pt5/160_hires.png,Crown Zenith - 160/159,,2023,,Full Art Secret Rare,Crown Zenith - Full Art Secret Rare,46.63,swsh12pt5-160,478103,https://www.tcgplayer.com/product/478103
pk-0256,https://images.pokemontcg.io/swsh12pt5/160_hires.png,Crown Zenith - GG30/GG70,,2023,,Full Art Secret Rare,Crown Zenith - Full Art Galarian Gallery Secret Rare,46.63,swsh12pt5-160,478103,https://www.tcgplayer.com/product/478103
pk-0257,https://images.pokemontcg.io/swshp/SWSH285_hires.png,SWSH285,,2022,,Full Art Ultra Rare Promo,Promo SWSH285 Pikachu V,3.24,swshp-SWSH285,,
pk-0258,https://images.pokemontcg.io/swshp/SWSH286_hires.png,SWSH286,,2022,,Full Art Ultra Rare Promo,Promo SWSH286 Pikachu Vmax,7.87,swshp-SWSH286,478424,https://www.tcgplayer.com/product/478424
pk-0259,https://storage.googleapis.com/images.pricecharting.com/a13a3e1c1bff2f0772afdc8272ad2e67009f147b8c7d02c8aefb37d5e7c92aae/1600.jpg,Paldea Evolved - 062/193,,2023,,Common,Paldea Evolved - Common,0.43,sv2-62,497473,https://www.tcgplayer.com/product/497473
pk-0260,https://storage.googleapis.com/images.pricecharting.com/ozmz3ufgqrbwddrh/1600.jpg,Paldea Evolved - 062/193,,2023,,Reverse Holo Common,Paldea Evolved - Common,0.43,sv2-62,497473,https://www.tcgplayer.com/product/497473
pk-0261,https://i.ebayimg.com/images/g/JogAAOSwfotlHxCA/s-l1600.webp,McDonald's Collection 2023 - 006/015,,2023,McDonald's Collection 2023 - Not sure if it exists (without holo bleed),McDonald's Confetti Holofoil Special Set,Paldea Evolved - Common,33.40,mcd19-6,200967,https://www.tcgplayer.com/product/200967
pk-0262,https://i.ebayimg.com/images/g/EqgAAeSwCONpsIG1/s-l1600.webp,Paldea Evolved - 062/193,,2023,Trick or Trade BOOster Bundle stamp,Bordered Holofoil Common,Paldea Evolved - Common,0.43,sv2-62,497473,https://www.tcgplayer.com/product/497473
pk-0263,https://tcgplayer-cdn.tcgplayer.com/product/534163_in_1000x1000.jpg,Paldean Fates - 018/091,,2024,,Common,Paldea Evolved - Common,26.03,sv4pt5-18,,
pk-0264,https://storage.googleapis.com/images.pricecharting.com/x5y6mkqn2a64dqzm/1600.jpg,Paldean Fates - 018/091,,2024,,Reverse Holo Common,Paldea Evolved - Common,26.03,sv4pt5-18,,
pk-0265,https://storage.googleapis.com/images.pricecharting.com/3m3vm7y6sylvfm5n/1600.jpg,Paldean Fates - 018/091,,2024,Trick or Trade BOOster Bundle stamp,Bordered Holofoil Common,Paldea Evolved - Common,26.03,sv4pt5-18,,
pk-0266,https://images.pokemontcg.io/sv4pt5/18_hires.png,Paldean Fates - 018/091,,2024,Costco Canada/USA exclusive,Cosmos Reverse Holo Common,Paldea Evolved - Common,26.03,sv4pt5-18,,
pk-0267,https://storage.googleapis.com/images.pricecharting.com/i6pwx3xsugi4jdgh/1600.jpg,Paldea Evolved - 062/193,,2024,Rain City Showcase stamp,Common,Paldea Evolved - Common,0.43,sv2-62,497473,https://www.tcgplayer.com/product/497473
pk-0268,https://storage.googleapis.com/images.pricecharting.com/ef82696a0e8d3b1f555dab692a83dea343b45b902b7d8bd7590af44ab6f8eab7/1600.jpg,Paldea Evolved - 063/193,,2023,,Ultra Rare,Paldea Evolved - Pikachu ex,280.02,sv2-63,,
pk-0269,https://storage.googleapis.com/images.pricecharting.com/f6sid42jhsnqvecq/1600.jpg,Paldea Evolved - 063/193,,2024,White snowflake stamp (sealed),Ultra Rare,Paldea Evolved - Pikachu ex,280.02,sv2-63,,
pk-0270,https://images.pokemontcg.io/basep/27_hires.png,27,,2023,(sealed),Full Art Holofoil Promo,Promo 027,29.58,basep-27,88069,https://www.tcgplayer.com/product/88069
pk-0271,https://images.pokemontcg.io/basep/27_hires.png,27,,2023,Pokémon Center stamp,Full Art Holofoil Promo,Promo 027,29.58,basep-27,88069,https://www.tcgplayer.com/product/88069
pk-0272,https://storage.googleapis.com/images.pricecharting.com/f2a14859930cfc5a980e5084fa2df59a08bbbc3f9241e9a970674a4741698eb2/1600.jpg,151 - 025/165,,2023,,Common,151 - Common,0.32,sv3pt5-25,517033,https://www.tcgplayer.com/product/517033
pk-0273,https://storage.googleapis.com/images.pricecharting.com/8fce2b9c6297b4ffb3605eafb8acd2ad8ff2bba8b6aed8b1ef2aa948e4a42e82/1600.jpg,151 - 025/165,,2023,,Reverse Holo Common,151 - Common,0.32,sv3pt5-25,517033,https://www.tcgplayer.com/product/517033
pk-0274,https://storage.googleapis.com/images.pricecharting.com/5uqzoetcecaxq3pk/1600.jpg,151 - 025/165,,2023,Pokémon Together stamp (sealed) - UK exclusive,Common,151 - Common,0.32,sv3pt5-25,517033,https://www.tcgplayer.com/product/517033
pk-0275,https://tcgplayer-cdn.tcgplayer.com/product/587938_in_1000x1000.jpg,151 - 025/165,,2024,Costco Canada/USA exclusive,Cosmos Reverse Holo Common,151 - Common,0.32,sv3pt5-25,517033,https://www.tcgplayer.com/product/517033
pk-0276,https://www.coleka.com/media/item/202502/17/mcdonald-s-collection-2024-m24en-pikachu-holo-002-015-001.webp,McDonald's Collection 2024 - 002/015,,2025,McDonald's Collection 2024,McDonald's Confetti Holofoil Special Set,151 - Common,2.25,,,
pk-0277,https://i.ebayimg.com/images/g/4mwAAeSwFNhpSf5P/s-l500.jpg,151 - 025/165,,2025,Snowflake stamp,Cosmos Holo Common,151 - Common,0.32,sv3pt5-25,517033,https://www.tcgplayer.com/product/517033
pk-0278,https://images.pokemontcg.io/sv3pt5/173_hires.png,151 - 173/165,,2023,,Full Art Holofoil Rare,151 - Full Art,92.20,sv3pt5-173,513721,https://www.tcgplayer.com/product/513721
pk-0279,https://storage.googleapis.com/images.pricecharting.com/5e96704258cea7c698de7602006f71dfe88d868c0c9585a1e11055de7d488007/1600.jpg,85,,2023,(sealed),Non-Holo Full Art Promo,Promo 085 Van Gogh,1112.63,svp-85,518861,https://www.tcgplayer.com/product/518861
pk-0280,https://i.ebayimg.com/images/g/mrcAAeSwvDJpod9r/s-l1600.webp,My First Battle - Pikachu Deck,,2023,(My First Battle back) Blue border & Pokéball stamp,Special Set,My First Battle - Pikachu Deck,120.00,,,
pk-0281,https://storage.googleapis.com/images.pricecharting.com/cmzxbysfimmlv4wy/1600.jpg,My First Battle - Pikachu Deck,,2023,(My First Battle back),Special Set,My First Battle - Pikachu Deck,120.00,,,
pk-0282,https://storage.googleapis.com/images.pricecharting.com/f70aa10124610cc539689c522d3a78fe39795bbb703fb3eaf03bbf9b814733ee/1600.jpg,101,,2023,League stamp (sealed),Non-Holo Promo,Promo 101 Pikachu vs Charizard,21.74,svp-101,,
pk-0283,https://i.ebayimg.com/images/g/ibcAAOSwst9m4IgN/s-l1600.webp,101,,2023,Asia Championship Series 2023-24 stamp - Singapore/Malaysia/Philippines/Hong Kong exclusive,Non-Holo Promo,Promo 101 Pikachu vs Charizard,21.74,svp-101,,
pk-0284,https://images.pokemontcg.io/sv4pt5/131_hires.png,Paldean Fates - 131/091,,2023,,Bordered Shiny Secret Rare,Paldean Fates - Shiny Pikachu,81.54,sv4pt5-131,534522,https://www.tcgplayer.com/product/534522
pk-0285,https://storage.googleapis.com/images.pricecharting.com/8759ff2a3879304cd32c48caa8f4dedc126432cd1a3c3b22ea9d7dc4c399db5f/1600.jpg,88,,2024,,Full Art Promo,Promo 088,25.32,svp-88,542481,https://www.tcgplayer.com/product/542481
pk-0286,https://storage.googleapis.com/images.pricecharting.com/6db0efae1f7d30eb14924a86811a23210dfa256e1dd320d726cf430a3f42e412/1600.jpg,Temperal Forces - 051/162,,2024,,Common,Temperal Forces,0.27,sv5-51,542795,https://www.tcgplayer.com/product/542795
pk-0287,https://storage.googleapis.com/images.pricecharting.com/gkj7vhuvhajwpwdb/1600.jpg,Temperal Forces - 051/162,,2024,,Reverse Holo Common,Temperal Forces,0.27,sv5-51,542795,https://www.tcgplayer.com/product/542795
pk-0288,https://i.ebayimg.com/images/g/cPIAAeSwabBpO6Zq/s-l500.jpg,Temperal Forces - 051/162,,2024,Collector's Chest,Bordered Cosmos Holofoil Common,Temperal Forces,0.27,sv5-51,542795,https://www.tcgplayer.com/product/542795
pk-0289,https://i.ebayimg.com/images/g/mNoAAeSwBExpp3V6/s-l500.jpg,Temperal Forces - 051/162,,2026,30th Anniversary stamp,Common,Temperal Forces,0.27,sv5-51,542795,https://www.tcgplayer.com/product/542795
pk-0290,https://images.pokemontcg.io/svp/106.png,Battle Academy 2024 - 106,,2024,Pikachu #60 stamp,Ultra Rare Promo,Promo 106 Pikachu ex,9.50,,,
pk-0291,https://storage.googleapis.com/images.pricecharting.com/xadazmqi7dtp5pha/1600.jpg,190,,2024,World Championships 2024 stamp (sealed),Promo,Promo 190 Pikachu vs Mew,10.96,,,
pk-0292,https://images.pokemontcg.io/smp/SM190_hires.png,190,,2024,Singapore/Malaysia/Philippines exclusive,Promo,Promo 190 Pikachu vs Mew,10.96,,,
pk-0293,https://storage.googleapis.com/images.pricecharting.com/nysfbqymfps6eyml/1600.jpg,Surging Sparks - 057/191,,2024,,Ultra Rare,Surging Sparks - Terastal Pikachu ex,3.98,sv8-57,590025,https://www.tcgplayer.com/product/590025
pk-0294,https://tse3.mm.bing.net/th/id/OIP.bmq3OH92ELyy6nu7x_bwCwAAAA?rs=1&pid=ImgDetMain&o=7&rm=3,Play! Pokémon Prize Pack Series Seven - 057/191,,2025,POP League stamp,Ultra Rare,Surging Sparks - Terastal Pikachu ex,15.32,ex16-57,88084,https://www.tcgplayer.com/product/88084
pk-0295,https://images.pokemontcg.io/sv8/219_hires.png,Surging Sparks - 219/191,,2024,,Full Art Secret Rare,Surging Sparks - FA Terastal Pikachu ex 1,29.84,sv8-219,590026,https://www.tcgplayer.com/product/590026
pk-0296,https://images.pokemontcg.io/sv8/247_hires.png,Surging Sparks - 247/191,,2024,,Gold Full Art Secret Rare,Surging Sparks - FA Terastal Pikachu ex 1 Gold,97.21,sv8-247,593169,https://www.tcgplayer.com/product/593169
pk-0297,https://images.pokemontcg.io/sv8pt5/179_hires.png,Prismatic Evolutions - 179/131,,2025,,Full Art Secret Rare,Prismatic Evolutions - FA Pikachu ex Gold,61.04,sv8pt5-179,610534,https://www.tcgplayer.com/product/610534
pk-0298,https://images.pokemontcg.io/sv8/238_hires.png,Surging Sparks - 238/191,,2024,,Full Art Secret Rare,Surging Sparks - FA Terastal Pikachu ex 2,302.91,sv8-238,590027,https://www.tcgplayer.com/product/590027
pk-0299,https://storage.googleapis.com/images.pricecharting.com/ezk5cq4tx7vul473/1600.jpg,Prismatic Evolutions - 028/131,,2025,,Ultra Rare,Prismatic Evolutions - Pikachu ex,3.02,sv8pt5-28,610383,https://www.tcgplayer.com/product/610383
pk-0300,https://storage.googleapis.com/images.pricecharting.com/mmt325jliq4hubs4/1600.jpg,214,,2025,,Promo,Promo 214 Illustration Contest 2024 Pikachu,12.00,,,
pk-0301,https://storage.googleapis.com/images.pricecharting.com/sa7svb6l63ybxvku/1600.jpg,225,,2025,World Championships 2025 stamp,Promo,Promo 225 WC2025 Pikachu,6.72,,,
pk-0302,https://tcgplayer-cdn.tcgplayer.com/product/649940_in_1000x1000.jpg,225,,2025,Pokémon League logo in description & WINNER stamp,Promo,Promo 225 WC2025 Pikachu,6.72,,,
pk-0303,https://storage.googleapis.com/images.pricecharting.com/ssiscoi5efe2huz2/1600.jpg,Ascended Heroes - 055/217,,2026,,Common,Ascended Heroes,0.23,me2pt5-55,675867,https://www.tcgplayer.com/product/675867
pk-0304,https://i.ebayimg.com/images/g/k~0AAeSw7x1prz-v/s-l1600.webp,Ascended Heroes - 055/217,,2026,,Lightning Energy Reverse Holo Common,Ascended Heroes,0.23,me2pt5-55,675867,https://www.tcgplayer.com/product/675867
pk-0305,https://images.pokemontcg.io/sm11/56_hires.png,Ascended Heroes - 056/217,,2026,,Ultra Rare,Ascended Heroes UR Terastral Pikachu ex,6.04,sm11-56,194982,https://www.tcgplayer.com/product/194982
pk-0306,https://images.scrydex.com/pokemon/me2pt5-276/small,Ascended Heroes - 276/217,,2026,,Full Art Secret Rare,Ascended Heroes FA SR Terastral Pikachu ex,1130.22,me2pt5-276,676088,https://www.tcgplayer.com/product/676088
pk-0307,https://images.scrydex.com/pokemon/me2pt5-277/small,Ascended Heroes - 277/217,,2026,,Full Art Secret Rare,Ascended Heroes FA SR Pikachu ex,382.88,me2pt5-277,676089,https://www.tcgplayer.com/product/676089
pk-0308,https://i.ebayimg.com/images/g/mBUAAeSwrfZpCewI/s-l1600.webp,TopDeck Magazine - Base Set Pikachu,unl,2000,Jumbo size,Jumbo Common,Base Set,3.65,,,
pk-0309,https://images.pokemontcg.io/base1/58_hires.png,First Partner 25th Anniversary Set - 58/102,,2021,Jumbo size,Jumbo Common,Base Set,13.39,base1-58,42402,https://www.tcgplayer.com/product/42402
pk-0310,https://i.ebayimg.com/images/g/SikAAeSwBRdpVbq6/s-l1600.webp,Red & Blue Collection Pikachu EX,,2016,Jumbo size,Jumbo Full Art Promo,Promo XY124,45.94,,,
pk-0311,https://i.ebayimg.com/images/g/AcQAAOSwWH9m69~B/s-l960.webp,Pikachu EX Challenge Box,,2017,Jumbo size - USA/Canada exclusive,Jumbo Ultra Rare Promo,Promo XY174,248.00,,,
pk-0312,https://i.ebayimg.com/images/g/WC4AAOSw2MFm69~5/s-l960.webp,SM248 Pikachu & Zekrom GX,,2021,Jumbo size,Jumbo Full Art Golden Secret Rare,Team Up (Pikachu & Zekrom) Golden Secret Rare,30.00,,,
pk-0313,https://i.ebayimg.com/images/g/hcMAAOSwJeFm6-AM/s-l960.webp,BEAM x Sun & Moon Pikachu,,2019,Jumbo size,Jumbo Full Art Promo,Promo SM232,30.30,,,
pk-0314,https://i.ebayimg.com/images/g/4U8AAOSwPI9nCaU1/s-l1600.webp,Vivid Voltage - 043/185,,2020,Jumbo size - Europe exclusive (sealed),Jumbo Full Art Promo,Vivid Voltage - Pikachu V Ultra Rare (1),2.38,swsh4-43,226430,https://www.tcgplayer.com/product/226430
pk-0315,https://i.ebayimg.com/images/g/xfoAAeSwTqNpeVm1/s-l1600.webp,SWSH061 Pikachu V,,2021,Jumbo size,Jumbo Full Art Ultra Rare Promo,Promo SWSH061 Pikachu V,1.42,,,
pk-0316,https://i.ebayimg.com/images/g/J50AAOSw2oNm69~r/s-l1600.webp,SWSH198 Pikachu V,,2022,Jumbo size,Jumbo Full Art Ultra Rare Promo,Promo SWSH198 Pikachu V,3.84,,,
pk-0317,https://i.ebayimg.com/images/g/U~8AAOSw04pm69~U/s-l1600.webp,SWSH286 Pikachu Vmax,,2023,Jumbo size,Jumbo Full Art Ultra Rare Promo,Promo SWSH286 Pikachu Vmax,5.87,,,
pk-0318,https://i.ebayimg.com/images/g/HLYAAeSw1Xtpn3Sr/s-l1600.webp,Pikachu at the Museum - MEP,,2026,Jumbo size,Jumbo Promo,Promo MEP - Pikachu at the Museum,4.49,,,
pk-0319,https://images.pokemontcg.io/base1/58_hires.png,Olympia London Toy Fair - Base Set Shadoless,unl,1999,Ultra Jumbo size (Shadowless yellow cheeks),Ultra Jumbo Common,Base Set,3.65,,,
pk-0320,https://images.pokemontcg.io/base1/58_hires.png,Pokémon 'Bible' Photo - Base Set Shadowless,unl,2000,Ultimate Jumbo size (Shadowless yellow cheeks),Ultimate Jumbo Common,Base Set,900.00,,,
pk-0321,https://images.pokemontcg.io/base4/87_hires.png,Pokémon League - Base Set 2 Pikachu,unl,2000,Ultra Jumbo size (Square cut),Ultra Jumbo Common,Base Set,3.65,,,
pk-0322,https://images.pokemontcg.io/neo1/70_hires.png,Neo Genesis - 70/111,unl,2000,(NFC) Square cut,Common,Neo Genesis,4.49,neo1-70,,
